日期,时间,内容,平台,状态
2026-10-09、2026-10-12,全天,重阳节长辈关怀推送（55岁以上会员）（制作）,内部,已排
2026-10-15,18:00前,重阳节长辈关怀推送（55岁以上会员）（定稿，发送前3个自然日）,内部,已排
2026-10-18,10:00,重阳节长辈关怀推送（55岁以上会员）,企业微信,已排
2026-10-09,全天,会员日积分翻倍短信提醒（制作）,内部,已排
2026-10-14,18:00前,会员日积分翻倍短信提醒（定稿，发送前3个自然日）,内部,已排
2026-10-17,10:00,会员日积分翻倍短信提醒,短信,已排
2026-10-09、2026-10-12、2026-10-13,全天,三周年店庆预热（文案+设计物料）（制作）,内部,已排
2026-10-23,18:00前,三周年店庆预热（文案+设计物料）（定稿，发送前3个自然日）,内部,已排
2026-10-26,10:00,三周年店庆预热（文案+设计物料）,小程序+企业微信,已排
2026-10-09,全天,流失风险储值会员一对一专属召回（李强、陈伟）（制作）,内部,已排
2026-10-15,18:00前,流失风险储值会员一对一专属召回（李强、陈伟）（定稿，发送前3个自然日）,内部,已排
2026-10-18,10:00,流失风险储值会员一对一专属召回（李强、陈伟）,企业微信一对一,已排
